Unnamed: 0,index,sequence,model,sampling_method,wt_for_design,tcrdock_pae,hamming_distances_from_hpvg,hamming_distance_from_hpvg_q5,af3_tcr_pmhc_pae_score,af3_ranking_scores,r1,r2,r3,is_binder_by_netmhcpan,is_binder_by_netmhcpan__weak
ebv_p1_wt,0.0,HPVGEADYFEY,hpvg_wt,,hpvg,4.901100366,0.0,1.0,1.151490769,0.93,50.72400461,51.1177811,47.99924364,1.0,1.0
ebv_p2_wt_Q,1.0,HPVGQADYFEY,hpvg_q5_wt,,hpvg_q5,4.817274817,1.0,0.0,1.133118838,0.93,35.55361679,33.11486338,30.76014301,1.0,1.0
ebv_p3,2.0,HPVGNADYWQY,so3_convnet_base_ensemble,fixed_structure,hpvg,4.868461466,3.0,3.0,1.463231143,0.91,2.542712642,3.913211199,3.602310879,1.0,1.0
ebv_p4,3.0,MPIGHADFWEY,so3_convnet_base_ensemble,fixed_structure,hpvg,4.7884186,5.0,5.0,1.160595936,0.92,0.005884108,0.01112994,0.0,1.0,1.0
ebv_p5,4.0,MPVGRADYWQY,so3_convnet_base_ensemble,fixed_structure,hpvg,4.905924473,4.0,4.0,1.561238374,0.9,0.023636163,0.0,0.012725631,1.0,1.0
ebv_p6,5.0,HPMGMADHWMY,so3_convnet_base_ensemble,fixed_structure,hpvg,4.94191553,5.0,5.0,1.182298293,0.93,0.022938049,0.041408165,0.024453955,1.0,1.0
ebv_p7,6.0,HPVGRADFWQY,so3_convnet_base_ensemble,fixed_structure,hpvg,4.992225591,4.0,4.0,1.409040411,0.9,0.002812404,0.059240005,0.0126259,1.0,1.0
ebv_p8,7.0,FPFGQGDFQNY,so3_convnet_noise=0p5,fixed_structure,hpvg,4.894297743,7.0,6.0,1.255369582,0.92,0.007260391,0.006203246,0.006263085,1.0,1.0
ebv_p9,8.0,HPYGEGDFWEF,so3_convnet_noise=0p5,fixed_structure,hpvg,5.028840891,5.0,6.0,1.247171224,0.92,27.20392763,31.37570051,32.71977044,1.0,1.0
ebv_p10,9.0,MPLGFADHWNY,so3_convnet_base_ensemble,fixed_structure,hpvg,4.856209828,6.0,6.0,1.258323103,0.91,0.006003785,0.0,0.003889495,1.0,1.0
ebv_p11,10.0,HPTGEADFWEY,so3_convnet_base_ensemble,fixed_structure,hpvg,4.935620393,3.0,4.0,1.414943731,0.9,28.99193857,38.34320268,41.33089352,1.0,1.0
ebv_p12,11.0,FPIGMGDFWPY,so3_convnet_noise=0p5,fixed_structure,hpvg,4.846799045,7.0,7.0,1.234363142,0.92,0.021063113,0.005245832,0.027206521,1.0,1.0
ebv_p13,12.0,YPYGTADFYEY,so3_convnet_noise=0p5,fixed_structure,hpvg,4.969791913,5.0,5.0,1.449225493,0.91,0.021821066,0.004168741,0.010272257,1.0,1.0
ebv_p14,13.0,HPVGYGDYWQF,so3_convnet_noise=0p5,fixed_structure,hpvg,4.803769163,5.0,5.0,1.126055966,0.93,33.33987566,34.61720585,29.05470904,1.0,1.0
ebv_p15,14.0,FPYGKGDYWTY,so3_convnet_noise=0p5,fixed_structure,hpvg,4.883405986,6.0,6.0,1.231673642,0.93,0.0,0.005405401,0.0,1.0,1.0
ebv_p16,15.0,YPFGKGDFWEF,so3_convnet_noise=0p5,fixed_structure,hpvg,4.912128021,7.0,7.0,1.448507603,0.91,0.006662007,0.003331004,0.020165537,1.0,1.0
ebv_p17,16.0,HPVGQADFYQY,so3_convnet_base_ensemble,fixed_structure,hpvg,4.906034693,4.0,3.0,1.492854585,0.9,0.0,0.005345563,0.1509922,1.0,1.0
ebv_p18,17.0,MPIGRADHWEY,so3_convnet_base_ensemble,fixed_structure,hpvg,4.860325706,5.0,5.0,1.19163458,0.91,0.003031812,0.013962291,0.011728324,1.0,1.0
ebv_p19,18.0,MPLGFGDYWKF,so3_convnet_noise=0p5,fixed_structure,hpvg,4.886615884,7.0,7.0,1.869843634,0.88,0.011548809,0.004866856,0.069472369,1.0,1.0
ebv_p20,19.0,YPFGRSDYWEF,so3_convnet_noise=0p5,fixed_structure,hpvg,4.895292134,6.0,6.0,1.30709647,0.92,0.0,0.016934264,0.003131542,1.0,1.0
ebv_p21,20.0,QPIGHADYFEY,so3_convnet_base_ensemble,fixed_structure,hpvg,4.780177721,3.0,3.0,1.084731562,0.93,0.02375584,0.011708378,0.003949334,1.0,1.0
ebv_p22,21.0,HPLGRADFWEY,so3_convnet_base_ensemble,fixed_structure,hpvg,4.876052647,4.0,4.0,1.400976097,0.9,0.004368202,0.010571449,0.018290601,1.0,1.0
ebv_p23,22.0,FPMGFADFWQF,so3_convnet_base_ensemble,fixed_structure,hpvg,4.828241777,7.0,7.0,1.906592611,0.88,0.022718641,0.02983941,0.023257187,1.0,1.0
ebv_p24,23.0,FPIATCDFWTY,so3_convnet_base_ensemble,sim_anneal,hpvg,5.000725181,8.0,8.0,1.552401297,0.9,0.004128849,0.006342869,0.043582293,1.0,1.0
ebv_p25,24.0,YPLGFDDYVRY,so3_convnet_noise=0p5,sim_anneal,hpvg,4.976428239,6.0,6.0,1.713924967,0.88,0.004168741,0.006143408,0.034067989,1.0,1.0
ebv_p26,25.0,YPYGPRDYTTY,so3_convnet_noise=0p5,sim_anneal,hpvg,4.900916077,6.0,6.0,1.310847168,0.92,0.01483992,0.012067408,0.006941253,1.0,1.0
ebv_p27,26.0,FAMAFSDYDRY,so3_convnet_base_ensemble,sim_anneal,hpvg,4.951585942,8.0,8.0,1.460929478,0.91,0.0,0.006223192,0.043203316,0.0,1.0
ebv_p28,27.0,GPCAYRDYWEY,so3_convnet_base_ensemble,sim_anneal,hpvg,4.860282255,6.0,6.0,1.781183617,0.89,0.020185483,0.0,0.046055613,0.0,1.0
ebv_p29,28.0,FPFALFDFAGY,so3_convnet_base_ensemble,sim_anneal,hpvg,5.058031482,8.0,8.0,1.679420224,0.89,0.004707287,0.009514304,0.007838829,1.0,1.0
ebv_p30,29.0,FPLGYYWGWGY,so3_convnet_base_ensemble,sim_anneal,hpvg,5.085330733,8.0,8.0,1.939943383,0.88,0.007400014,0.008576836,0.03390842,1.0,1.0
ebv_p31,30.0,TPLGISDYEEY,so3_convnet_base_ensemble,sim_anneal,hpvg,4.772974252,5.0,5.0,1.070307152,0.94,0.053694981,0.111937679,0.045477175,1.0,1.0
ebv_p32,31.0,MAYAYKDYDTY,so3_convnet_base_ensemble,sim_anneal,hpvg,5.017036543,8.0,8.0,1.51607759,0.91,0.037917592,0.0,0.015278735,0.0,1.0
ebv_p33,32.0,GPYAFKDFDEY,so3_convnet_base_ensemble,sim_anneal,hpvg,4.998438999,7.0,7.0,1.442259928,0.91,0.004846909,0.03081677,0.0067019,0.0,1.0
ebv_p34,33.0,YPLGYKDYWLY,so3_convnet_noise=0p5,sim_anneal,hpvg,5.058853873,6.0,6.0,1.43071696,0.9,0.017692217,0.007659314,0.021202736,1.0,1.0
ebv_p35,34.0,FPFGEGEGFGY,so3_convnet_base_ensemble,sim_anneal,hpvg,5.031798273,6.0,7.0,1.390090565,0.92,0.007280337,0.02277848,0.008477105,1.0,1.0
ebv_p36,35.0,FPYGYADGAGY,so3_convnet_base_ensemble,sim_anneal,hpvg,4.987332985,6.0,6.0,1.383732794,0.91,0.003670088,0.014979543,0.018749362,1.0,1.0
ebv_p37,36.0,FPIAYRDFWTY,so3_convnet_base_ensemble,sim_anneal,hpvg,4.824656648,8.0,8.0,1.951945685,0.87,0.009135327,0.010830748,0.05545024,1.0,1.0
ebv_p38,37.0,FPIAGRDFWTY,so3_convnet_base_ensemble,sim_anneal,hpvg,5.02772888,8.0,8.0,1.477014974,0.89,0.017073887,0.019248015,0.0,1.0,1.0
ebv_p39,38.0,YPLGFRDYVLY,so3_convnet_noise=0p5,sim_anneal,hpvg,5.004467353,6.0,6.0,1.222571498,0.92,0.003470627,0.008716459,0.0,1.0,1.0
ebv_p40,39.0,YPFGFGDFVYY,so3_convnet_noise=0p5,sim_anneal,hpvg,5.085457281,7.0,7.0,1.632800293,0.9,0.0,0.0,0.029919194,1.0,1.0
ebv_p41,40.0,YPLPLTDYAGY,so3_convnet_noise=0p5,sim_anneal,hpvg,5.06827236,7.0,7.0,1.13960798,0.94,0.023197349,0.005245832,0.0,1.0,1.0
ebv_p42,41.0,YPFGYGDYWLY,so3_convnet_noise=0p5,sim_anneal,hpvg,5.035091734,6.0,6.0,1.494364886,0.91,0.007220499,0.021362305,0.0,1.0,1.0
ebv_p43,42.0,YPFGQSDHWIF,so3_convnet_noise=0p5,fixed_structure,hpvg_q5,5.025450555,8.0,7.0,1.410768927,0.91,0.004168741,0.00865662,0.0,1.0,1.0
ebv_p44,43.0,MPFGQADYWEF,so3_convnet_noise=0p5,fixed_structure,hpvg_q5,4.784551386,5.0,4.0,1.173305083,0.93,6.023890676,5.082752502,4.643638461,1.0,1.0
ebv_p45,44.0,MPMGQADFWHY,so3_convnet_base_ensemble,fixed_structure,hpvg_q5,4.856435154,6.0,5.0,1.296386835,0.92,0.0,0.0,0.0,1.0,1.0
ebv_p46,45.0,YPFGFADHWQY,so3_convnet_noise=0p5,fixed_structure,hpvg_q5,4.922330636,6.0,6.0,1.502505929,0.9,0.00468734,0.005505132,0.008437213,1.0,1.0
ebv_p47,46.0,VPFGQSDYWNF,so3_convnet_noise=0p5,fixed_structure,hpvg_q5,4.843303347,7.0,6.0,1.32278111,0.92,0.003590303,0.033489551,0.016355826,0.0,1.0
ebv_p48,47.0,YPFGESNFWEL,so3_convnet_noise=0p5,fixed_structure,hpvg_q5,5.018372557,7.0,8.0,1.895447359,0.87,0.003929388,0.020544513,0.0,1.0,1.0
ebv_p49,48.0,MPIGFGDYWNY,so3_convnet_base_ensemble,fixed_structure,hpvg_q5,4.754949641,6.0,6.0,1.144518578,0.93,0.286585989,0.431913488,0.409414254,1.0,1.0
ebv_p50,49.0,HPVGQADFWDF,so3_convnet_base_ensemble,fixed_structure,hpvg_q5,4.861709954,5.0,4.0,1.189839216,0.92,18.37136262,17.21165476,13.96504321,0.0,1.0
ebv_p51,50.0,YPVGMADFWEY,so3_convnet_base_ensemble,fixed_structure,hpvg_q5,4.814938396,4.0,4.0,1.209471145,0.92,1.117202659,1.163756925,0.784221973,1.0,1.0
ebv_p52,51.0,FPFGMSDYWEF,so3_convnet_noise=0p5,fixed_structure,hpvg_q5,4.787898959,6.0,6.0,1.228871954,0.93,0.010491664,0.02277848,0.009913226,1.0,1.0
ebv_p53,52.0,EPIGEANYWQY,so3_convnet_base_ensemble,fixed_structure,hpvg_q5,4.916224806,5.0,6.0,1.611199195,0.9,0.069492315,0.105534971,0.078288558,1.0,1.0
ebv_p54,53.0,YPFGHSTYHEF,so3_convnet_noise=0p5,fixed_structure,hpvg_q5,4.782910115,7.0,7.0,1.356795015,0.91,0.005764431,0.00556497,0.064585567,1.0,1.0
ebv_p55,54.0,IPFGEADFWEY,so3_convnet_base_ensemble,fixed_structure,hpvg_q5,4.96202015,4.0,5.0,1.378705938,0.9,0.572633432,0.437558243,0.74682298,1.0,1.0
ebv_p56,55.0,MPMGHSDHWEY,so3_convnet_noise=0p5,fixed_structure,hpvg_q5,4.823296725,6.0,6.0,1.371550409,0.91,0.0,0.007120768,0.007240445,1.0,1.0
ebv_p57,56.0,FPVGFADFWEY,so3_convnet_base_ensemble,fixed_structure,hpvg_q5,4.805722832,4.0,4.0,1.283168945,0.91,0.365971584,0.585638308,0.263009664,1.0,1.0
ebv_p58,57.0,YPVGHADYWEY,so3_convnet_base_ensemble,fixed_structure,hpvg_q5,4.79644984,3.0,3.0,1.095075916,0.93,44.55053791,42.15706221,45.57389403,1.0,1.0
ebv_p59,58.0,FPFGMADYWTF,so3_convnet_noise=0p5,fixed_structure,hpvg_q5,4.833787337,6.0,6.0,1.306584356,0.92,0.005904054,0.006223192,0.0,1.0,1.0
ebv_p60,59.0,LPIGEADFWEY,so3_convnet_base_ensemble,fixed_structure,hpvg_q5,4.879241675,4.0,5.0,1.217663109,0.92,47.04408334,51.39188081,54.51825709,1.0,1.0
ebv_p61,60.0,QPLGLGDYWQF,so3_convnet_noise=0p5,fixed_structure,hpvg_q5,4.796090544,7.0,7.0,1.101586217,0.93,0.012167139,0.009594088,0.014002183,0.0,1.0
ebv_p62,61.0,QPIGMADYWVY,so3_convnet_base_ensemble,fixed_structure,hpvg_q5,4.765714735,5.0,5.0,1.118956008,0.93,0.018430224,0.004029118,0.029460433,1.0,1.0
ebv_p63,62.0,FPVGYKDYWTY,so3_convnet_base_ensemble,sim_anneal,hpvg_q5,4.908580926,5.0,5.0,1.276389858,0.91,0.0,0.009354735,0.004607556,1.0,1.0
ebv_p64,63.0,MPIGEGYPWLY,so3_convnet_base_ensemble,sim_anneal,hpvg_q5,4.946223121,7.0,8.0,1.436248605,0.9,0.014002183,0.020245321,0.012546115,1.0,1.0
ebv_p65,64.0,YPIGTVPYWGY,so3_convnet_noise=0p5,sim_anneal,hpvg_q5,4.890840191,7.0,7.0,1.204458357,0.93,0.010391933,0.034865834,0.041787141,1.0,1.0
ebv_p66,65.0,YPFALPDYAYY,so3_convnet_noise=0p5,sim_anneal,hpvg_q5,5.006822995,7.0,7.0,1.252870512,0.93,0.104936587,0.13306063,0.123626111,1.0,1.0
ebv_p67,66.0,FPLPLTDYAHY,so3_convnet_base_ensemble,sim_anneal,hpvg_q5,5.087539302,7.0,7.0,1.178992978,0.94,0.0,0.00654233,0.009554196,1.0,1.0
ebv_p68,67.0,LPLAMRDYWVY,so3_convnet_noise=0p5,sim_anneal,hpvg_q5,5.009878024,7.0,7.0,1.291187802,0.93,0.065044328,0.007400014,0.0,0.0,1.0
ebv_p69,68.0,MPIGGADFWTY,so3_convnet_base_ensemble,sim_anneal,hpvg_q5,4.907830621,6.0,6.0,1.472622303,0.91,0.004388148,0.029201134,0.022579019,1.0,1.0
ebv_p70,69.0,LACGFGDFWEY,so3_convnet_base_ensemble,sim_anneal,hpvg_q5,4.947496109,7.0,7.0,1.732095424,0.89,0.012825361,0.003490573,0.026767706,0.0,1.0
ebv_p71,70.0,LAIGYADFWTY,so3_convnet_base_ensemble,sim_anneal,hpvg_q5,4.85570232,7.0,7.0,1.341839425,0.91,0.012107301,0.009314842,0.010850694,0.0,1.0
ebv_p72,71.0,YPATFTDDAGY,so3_convnet_base_ensemble,sim_anneal,hpvg_q5,5.053404484,8.0,8.0,1.114593797,0.94,0.013184392,0.017672271,0.006761738,1.0,1.0
ebv_p73,72.0,YPFGPIDFAPY,so3_convnet_noise=0p5,sim_anneal,hpvg_q5,4.938615597,7.0,7.0,1.462833078,0.91,0.010631287,0.008736405,0.0,1.0,1.0
ebv_p74,73.0,YPAAMIPYAEF,so3_convnet_base_ensemble,sim_anneal,hpvg_q5,5.051789548,8.0,8.0,1.464029948,0.92,0.0,0.0,0.033569336,1.0,1.0
ebv_p75,74.0,LAIGPRDYWFY,so3_convnet_base_ensemble,sim_anneal,hpvg_q5,4.733865049,7.0,7.0,1.094518694,0.94,0.008756351,0.119936077,0.0,0.0,1.0
ebv_p76,75.0,LPFGGADGNGY,so3_convnet_base_ensemble,sim_anneal,hpvg_q5,5.054605815,6.0,6.0,1.319867118,0.91,0.018769308,0.015677658,0.018470116,1.0,1.0
ebv_p77,76.0,YPLAARDYEVY,so3_convnet_noise=0p5,sim_anneal,hpvg_q5,4.999522834,7.0,7.0,1.112491978,0.94,0.002872243,0.660216886,0.02030516,1.0,1.0
ebv_p78,77.0,YGWPVRDGEGY,so3_convnet_base_ensemble,sim_anneal,hpvg_q5,4.997538111,9.0,9.0,1.511321731,0.9,0.003610249,0.028822157,0.003131542,1.0,1.0
ebv_p79,78.0,YPYGWGDYTSY,so3_convnet_noise=0p5,sim_anneal,hpvg_q5,4.989970359,6.0,6.0,1.14638265,0.94,0.015697604,0.01324423,0.007918613,1.0,1.0
ebv_p80,79.0,MPIGYRDFEGY,so3_convnet_base_ensemble,sim_anneal,hpvg_q5,4.92726995,7.0,7.0,1.587334333,0.89,0.003729926,0.003470627,0.0,1.0,1.0
ebv_p81,80.0,YPFALRDFWYY,so3_convnet_noise=0p5,sim_anneal,hpvg_q5,5.065783969,8.0,8.0,1.518219634,0.9,0.0,0.00855689,0.0,1.0,1.0
ebv_p82,81.0,FPFGMFDYYVY,so3_convnet_base_ensemble,sim_anneal,hpvg_q5,4.8930586,6.0,6.0,1.948293108,0.88,0.030078763,0.010252311,0.017851786,1.0,1.0
ebv_p83,82.0,AAFGGIDYGGY,so3_convnet_base_ensemble,sim_anneal,hpvg_q5,4.919335975,7.0,7.0,1.20500558,0.93,0.006043677,0.003949334,0.004408095,0.0,1.0
ebv_p84,83.0,YPFGPFDGLTY,so3_convnet_noise=0p5,sim_anneal,hpvg_q5,5.008566623,7.0,7.0,1.376838263,0.92,0.021880904,0.031973646,0.01200757,1.0,1.0
ebv_p85,84.0,YPFALRDFWEY,so3_convnet_noise=0p5,sim_anneal,hpvg_q5,5.018030671,7.0,7.0,1.361088983,0.91,0.007719152,0.021083059,0.007659314,1.0,1.0
ebv_p86,4.0,HPIGQGDFWEF,so3_convnet_base_ensemble,fixed_structure,hpvg,4.772525076,6.0,5.0,1.147319103,0.93,41.34080675,42.76918897,39.54310199,1.0,1.0
ebv_p87,0.0,YPVGQANFWEF,so3_convnet_base_ensemble,fixed_structure,hpvg,4.969625927,6.0,5.0,1.517331659,0.89,0.798084533,0.485329223,0.725640191,1.0,1.0
ebv_p88,8.0,HPVGEADFWRY,so3_convnet_base_ensemble,fixed_structure,hpvg,4.960570656,3.0,4.0,1.19712693,0.92,0.078986673,0.104218527,0.075635723,1.0,1.0
ebv_p89,35.0,HPHGEADYWQY,so3_convnet_base_ensemble,fixed_structure,hpvg_q5,4.903164279,3.0,4.0,1.394154808,0.91,2.756335689,3.496057847,2.909502017,1.0,1.0
ebv_p90,37.0,MPVGKADFWEY,so3_convnet_base_ensemble,fixed_structure,hpvg_q5,4.892573241,4.0,4.0,1.285895764,0.91,0.0,0.007958506,0.009115381,1.0,1.0
ebv_p91,36.0,MPLGQADFWEF,so3_convnet_base_ensemble,fixed_structure,hpvg_q5,4.784464859,6.0,5.0,1.179768066,0.92,0.354123583,0.289278716,0.233748692,1.0,1.0
ebv_p92,10.0,FPFAYHDFTEY,so3_convnet_base_ensemble,sim_anneal,hpvg,4.92629707,7.0,7.0,1.460791016,0.91,0.019228069,0.012566062,0.007599475,1.0,1.0
ebv_p93,13.0,HALGQGDEWTY,so3_convnet_base_ensemble,sim_anneal,hpvg,4.870895453,7.0,6.0,1.234344308,0.92,0.023955302,0.007739098,0.034446966,1.0,1.0
ebv_p94,28.0,FPMAFADYSEY,so3_convnet_base_ensemble,sim_anneal,hpvg,4.896537204,5.0,5.0,1.093505859,0.95,48.80987429,51.59720627,53.82357329,1.0,1.0
ebv_p95,26.0,FALPLHDYWEY,so3_convnet_base_ensemble,sim_anneal,hpvg,5.013579268,7.0,7.0,1.438950195,0.92,0.226248947,0.127715067,0.118559794,1.0,1.0
unstim,,,,,,,,,,,0.310142367,0.003291111,0.0,,
