Kd,system,name,sequence,-log10(Kd),study,mutants,wt_seq,pdb,chain,neg_delta_log10_Kd,is_wt_to_show,is_main_wt,pnE,pnlogp
1.66,Tax,Tax WT,LLFGYPVYV,-0.220108088040055,pettmann_et_al,L1L,LLFGYPVYV,fold_tax_yes_template_model_0,B,0.0,1,1,48.057716,-6.4848604
2.67,Tax,Tax 5F,LLFGFPVYV,-0.4265112613645752,pettmann_et_al,Y5F,LLFGYPVYV,fold_tax_yes_template_model_0,B,-0.2064031733245201,0,0,46.84997,-7.692601
2.8,Tax,Tax 7T,LLFGYPTYV,-0.4471580313422192,pettmann_et_al,V7T,LLFGYPVYV,fold_tax_yes_template_model_0,B,-0.2270499433021642,0,0,43.11752,-11.4250555
5.0,Tax,Tax 5W,LLFGWPVYV,-0.6989700043360189,pettmann_et_al,Y5W,LLFGYPVYV,fold_tax_yes_template_model_0,B,-0.4788619162959638,0,0,44.293465,-10.249112
6.1,Tax,Tax 1M,MLFGYPVYV,-0.785329835010767,pettmann_et_al,L1M,LLFGYPVYV,fold_tax_yes_template_model_0,B,-0.565221746970712,0,0,48.774387,-5.7681885
6.5,Tax,Tax 1A,ALFGYPVYV,-0.8129133566428556,pettmann_et_al,L1A,LLFGYPVYV,fold_tax_yes_template_model_0,B,-0.5928052686028006,0,0,48.963314,-5.5792637
7.97,Tax,Tax 1V,VLFGYPVYV,-0.9014583213961124,pettmann_et_al,L1V,LLFGYPVYV,fold_tax_yes_template_model_0,B,-0.6813502333560574,0,0,49.170513,-5.3720627
21.1,Tax,Tax 6V,LLFGYVVYV,-1.3242824552976926,pettmann_et_al,P6V,LLFGYPVYV,fold_tax_yes_template_model_0,B,-1.1041743672576376,0,0,44.065636,-10.476939
21.4,Tax,Tax 7R,LLFGYPRYV,-1.3304137733491908,pettmann_et_al,V7R,LLFGYPVYV,fold_tax_yes_template_model_0,B,-1.1103056853091358,0,0,36.58032,-17.962257
56.1,Tax,Tax 5H,LLFGHPVYV,-1.7489628612561614,pettmann_et_al,Y5H,LLFGYPVYV,fold_tax_yes_template_model_0,B,-1.5288547732161064,0,0,45.047546,-9.495029
60.0,Tax,Tax 8F,LLFGYPVFV,-1.7781512503836436,pettmann_et_al,Y8F,LLFGYPVYV,fold_tax_yes_template_model_0,B,-1.5580431623435886,0,0,47.133965,-7.408611
67.8,Tax,Tax 7H,LLFGYPHYV,-1.831229693867064,pettmann_et_al,V7H,LLFGYPVYV,fold_tax_yes_template_model_0,B,-1.6111216058270086,0,0,37.389698,-17.152878
118.0,Tax,Tax 4A,LLFAYPVYV,-2.071882007306125,pettmann_et_al,G4A,LLFGYPVYV,fold_tax_yes_template_model_0,B,-1.85177391926607,0,0,41.133995,-13.408583
565.0,Tax,Tax 8A,LLFGYPVAV,-2.7520484478194387,pettmann_et_al,L1L,LLFGYPVAV,fold_tax_8a_yes_template_model_0,B,0.0,1,0,48.15514,-11.205082
1869.0,Tax,Tax 4A8A,LLFAYPVAV,-3.271609301378832,pettmann_et_al,G4A,LLFGYPVAV,fold_tax_8a_yes_template_model_0,B,-0.5195608535593932,0,0,37.597874,-21.762352
2321.0,Tax,Tax 5H8A,LLFGHPVAV,-3.365675140455917,pettmann_et_al,Y5H,LLFGYPVAV,fold_tax_8a_yes_template_model_0,B,-0.6136266926364784,0,0,44.21999,-15.140233
