Kd,system,name,sequence,-log10(Kd),study,motif,motif_pdbs,mutants,wt_seq,pdb,chain,neg_delta_log10_Kd,is_wt_to_show,pe_wt,pe_mt,log_proba_wt,log_proba_mt,pe_mt__minus__pe_wt,log_proba_mt__minus__log_proba_wt
5.5,MART,ELAGIGILTV,ELAGIGILTV,-0.7403626894942439,riley_et_al,GIG,6am5|3qdg,M1E|M2L|W3A|D4G|R5I|L7I|G8L|M9T|M10V,MMWDRGLGMM,6amu,C|C|C|C|C|C|C|C|C,0.7647872888256622,0,30.15631,-22.881147,-12.747996,-65.78545,-53.037457,-53.037457
202.0,MART,SMAGIGIVDV,SMAGIGIVDV,-2.305351369446624,riley_et_al,GIG,6am5|3qdg,M1S|W3A|D4G|R5I|L7I|G8V|M9D|M10V,MMWDRGLGMM,6amu,C|C|C|C|C|C|C|C,-0.8002013911267178,0,26.289152,-31.865967,-11.701253,-69.85637,-58.15512,-58.155117
43.0,MART,SMLGIGIVPV,SMLGIGIVPV,-1.6334684555795866,riley_et_al,GIG,6am5|3qdg,M1S|W3L|D4G|R5I|L7I|G8V|M9P|M10V,MMWDRGLGMM,6amu,C|C|C|C|C|C|C|C,-0.1283184772596806,0,26.289152,-19.475008,-11.701253,-57.46541,-45.76416,-45.764156
7.3,MART,NMGGLGIMPV,NMGGLGIMPV,-0.8633228601204559,riley_et_al,GIG,6am5|3qdg,M1N|W3G|D4G|R5L|L7I|G8M|M9P|M10V,MMWDRGLGMM,6amu,C|C|C|C|C|C|C|C,0.6418271181994502,0,26.289152,-29.214672,-11.701253,-67.20507,-55.503822,-55.50382
121.0,MART,IMEDVGWLNV,IMEDVGWLNV,-2.08278537031645,riley_et_al,DRG,6amu,M1I|W3E|R5V|L7W|G8L|M9N|M10V,MMWDRGLGMM,6amu,C|C|C|C|C|C|C,-0.5776353919965438,0,24.278797,-19.20771,-10.139785,-53.626293,-43.486507,-43.486507
99.0,MART,ILEDRGFNQV,ILEDRGFNQV,-1.99563519459755,riley_et_al,DRG,6amu,M1I|M2L|W3E|L7F|G8N|M9Q|M10V,MMWDRGLGMM,6amu,C|C|C|C|C|C|C,-0.4904852162776438,0,24.737556,-2.0637772,-9.531141,-36.332474,-26.801334,-26.801332
123.0,MART,LMFDRGMSLL,LMFDRGMSLL,-2.089905111439398,riley_et_al,DRG,6amu,M1L|W3F|L7M|G8S|M9L|M10L,MMWDRGLGMM,6amu,C|C|C|C|C|C,-0.584755133119492,0,20.870396,11.519603,-8.484398,-17.83519,-9.350793,-9.350792
144.0,MART,MMWDRGMGLL,MMWDRGMGLL,-2.1583624920952498,riley_et_al,DRG,6amu,L7M|M9L|M10L,MMWDRGLGMM,6amu,C|C|C,-0.6532125137753437,0,6.7753177,4.515168,-5.793937,-8.054087,-2.2601495,-2.2601495
32.0,MART,MMWDRGLGMM,MMWDRGLGMM,-1.505149978319906,riley_et_al,DRG,6amu,M1M,MMWDRGLGMM,6amu,C,0.0,1,0.9644624,0.9644624,-2.3299594,-2.3299594,0.0,0.0
